Book Id,Title,Author,Author l-f,Additional Authors,ISBN,ISBN13,My Rating,Average Rating,Publisher,Binding,Number of Pages,Year Published,Original Publication Year,Date Read,Date Added,Bookshelves,Bookshelves with positions,Exclusive Shelf,My Review,Spoiler,Private Notes,Read Count,Recommended For,Recommended By,Owned Copies,Original Purchase Date,Original Purchase Location,Condition,Condition Description,BCID
6867,Atonement,Ian McEwan,"McEwan, Ian",,"=""038572179X""","=""9780385721790""",0,3.92,Anchor Books,Paperback,351,2003,2001,,2022/05/08,to-read,to-read (#172),to-read,,,,0,,,0,,,,,
7235533,"The Way of Kings (The Stormlight Archive, #1)",Brandon Sanderson,"Sanderson, Brandon",,"=""0765326353""","=""9780765326355""",0,4.64,Tor Books,Hardcover,1007,2010,2010,,2022/05/07,to-read,to-read (#171),to-read,,,,0,,,0,,,,,
12544648,Cracking the Coding Interview: 150 Programming Questions and Solutions,Gayle Laakmann McDowell,"McDowell, Gayle Laakmann",,"=""1466208686""","=""9781466208681""",0,4.35,Createspace,Paperback,500,2011,2008,,2022/05/05,to-read,to-read (#170),to-read,,,,0,,,0,,,,,
10576365,"The Darkest Minds (The Darkest Minds, #1)",Alexandra Bracken,"Bracken, Alexandra",,"=""1423157370""","=""9781423157373""",0,4.16,Disney Hyperion,Hardcover,488,2012,2012,,2022/05/05,to-read,to-read (#169),to-read,,,,0,,,0,,,,,
33590260,"Kingdom of Ash (Throne of Glass, #7)",Sarah J. Maas,"Maas, Sarah J.",Mario Pulver,"=""1619636107""","=""9781619636101""",5,4.60,Bloomsbury YA,Hardcover,984,2018,2018,,2022/03/04,,,read,,,,1,,,0,,,,,
32571395,"One of Us Is Lying (One of Us is Lying, #1)",Karen M. McManus,"McManus, Karen M.",,"=""""","=""""",4,4.02,Delacorte Press,Kindle Edition,360,2017,2017,2022/05/01,2020/05/13,really-want-to-read,really-want-to-read (#7),read,,,,1,,,0,,,,,
31450852,"Tower of Dawn (Throne of Glass, #6)",Sarah J. Maas,"Maas, Sarah J.",,"=""1681195771""","=""9781681195773""",5,4.28,Bloomsbury USA Childrens,Hardcover,660,2017,2017,2022/05/01,2022/03/04,,,read,,,,1,,,0,,,,,
40969531,A Winter's Promise (The Mirror Visitor #1),Christelle Dabos,"Dabos, Christelle",Hildegarde Serle,"=""""","=""""",0,4.10,Europa Editions,Kindle Edition,492,2018,2013,,2022/05/01,to-read,to-read (#168),to-read,,,,0,,,0,,,,,
18143977,All the Light We Cannot See,Anthony Doerr,"Doerr, Anthony",,"=""1476746583""","=""9781476746586""",0,4.32,Scribner,Hardcover,531,2014,2014,,2022/04/18,to-read,to-read (#167),to-read,,,,0,,,0,,,,,
56978089,"A Magic Steeped in Poison (The Book of Tea, #1)",Judy I. Lin,"Lin, Judy I.",,"=""1250767083""","=""9781250767080""",0,4.01,Feiwel and Friends,Hardcover,384,2022,2022,,2022/04/01,to-read,to-read (#166),to-read,,,,0,,,0,,,,,
38359036,"The Tattooist of Auschwitz (The Tattooist of Auschwitz, #1)",Heather   Morris,"Morris, Heather",,"=""006287067X""","=""9780062870674""",0,4.27,Harper,Hardcover,272,2018,2018,,2022/03/30,to-read,to-read (#165),to-read,,,,0,,,0,,,,,
58132544,"A River Enchanted (Elements of Cadence, #1)",Rebecca   Ross,"Ross, Rebecca",,"=""0063055988""","=""9780063055988""",0,4.16,Harper Voyager,Hardcover,480,2022,2022,,2022/03/28,to-read,to-read (#164),to-read,,,,0,,,0,,,,,
53914938,The Rose Code,Kate Quinn,"Quinn, Kate",,"=""0062943472""","=""9780062943477""",0,4.47,William Morrow,Paperback,624,2021,2021,,2022/03/28,to-read,to-read (#163),to-read,,,,0,,,0,,,,,
50623864,The Invisible Life of Addie LaRue,V.E. Schwab,"Schwab, V.E.",,"=""0765387565""","=""9780765387561""",0,4.23,Tor Books,Hardcover,444,2020,2020,,2022/03/28,to-read,to-read (#162),to-read,,,,0,,,0,,,,,
55780553,Daughters of a Dead Empire,Carolyn Tara O'Neil,"O'Neil, Carolyn Tara",,"=""1250755530""","=""9781250755537""",0,3.84,Roaring Brook Press,Hardcover,336,2022,2022,,2022/03/28,to-read,to-read (#161),to-read,,,,0,,,0,,,,,
58787295,The Librarian Spy: A Novel of World War II,Madeline  Martin,"Martin, Madeline",,"=""1335426914""","=""9781335426918""",0,4.80,Hanover Square Press,Paperback,400,2022,2022,,2022/03/27,to-read,to-read (#160),to-read,,,,0,,,0,,,,,
43263680,"Ninth House (Alex Stern, #1)",Leigh Bardugo,"Bardugo, Leigh",,"=""1250313074""","=""9781250313072""",0,4.04,Flatiron Books,Hardcover,459,2019,2019,,2022/03/27,to-read,to-read (#159),to-read,,,,0,,,0,,,,,
18243700,"The Assassin's Blade (Throne of Glass, #0.1-0.5)",Sarah J. Maas,"Maas, Sarah J.",,"=""1408852594""","=""9781408852590""",0,4.34,Bloomsbury Childrens,ebook,448,2014,2014,,2022/03/27,to-read,to-read (#158),to-read,,,,0,,,0,,,,,
22896,"Practical Magic (Practical Magic, #1)",Alice Hoffman,"Hoffman, Alice",,"=""""","=""""",0,3.75,Penguin,Paperback,286,2003,1995,,2022/03/27,to-read,to-read (#157),to-read,,,,0,,,0,,,,,
36809135,Where the Crawdads Sing,Delia Owens,"Owens, Delia",,"=""0735219117""","=""9780735219113""",0,4.46,G.P. Putnam’s Sons,ebook,384,2018,2018,,2022/03/24,to-read,to-read (#156),to-read,,,,0,,,0,,,,,
58802525,52 Modern Manners For Today's Teens,Brooke Romney,"Romney, Brooke",,"=""1735854433""","=""9781735854434""",0,4.82,,Paperback,,2021,,,2022/03/23,to-read,to-read (#155),to-read,,,,0,,,0,,,,,
386162,"The Hitchhiker's Guide to the Galaxy (Hitchhiker's Guide to the Galaxy, #1)",Douglas Adams,"Adams, Douglas",,"=""""","=""""",0,4.22,Del Rey,Paperback,193,2007,1979,,2022/03/18,to-read,to-read (#154),to-read,,,,0,,,0,,,,,
34928122,Artemis,Andy Weir,"Weir, Andy",,"=""0553448129""","=""9780553448122""",0,3.68,Crown,Hardcover,305,2017,2017,,2022/03/18,to-read,to-read (#153),to-read,,,,0,,,0,,,,,
18007564,The Martian,Andy Weir,"Weir, Andy",,"=""0804139024""","=""9780804139021""",0,4.40,Crown,Hardcover,384,2014,2011,,2022/03/18,to-read,to-read (#152),to-read,,,,0,,,0,,,,,
55809684,Please Yourself: How to Stop People-Pleasing and Transform the Way You Live,Emma Reed Turrell,"Turrell, Emma Reed",,"=""0008409374""","=""9780008409371""",0,4.02,Fourth Estate,Hardcover,240,2021,,,2022/03/10,to-read,to-read (#151),to-read,,,,0,,,0,,,,,
13496,"A Game of Thrones (A Song of Ice and Fire, #1)",George R.R. Martin,"Martin, George R.R.",,"=""0553588486""","=""9780553588484""",0,4.44,Bantam,Mass Market Paperback,835,2005,1996,,2022/03/09,to-read,to-read (#150),to-read,,,,0,,,0,,,,,
18006496,"Queen of Shadows (Throne of Glass, #4)",Sarah J. Maas,"Maas, Sarah J.",,"=""1619636042""","=""9781619636040""",0,4.55,Bloomsbury USA Childrens,Hardcover,648,2015,2015,,2022/03/04,,,read,,,,1,,,0,,,,,
20613470,"Heir of Fire (Throne of Glass, #3)",Sarah J. Maas,"Maas, Sarah J.",,"=""1619630656""","=""9781619630659""",0,4.46,Bloomsbury USA Childrens,Hardcover,565,2014,2014,,2022/03/04,,,read,,,,1,,,0,,,,,
7896527,"Throne of Glass (Throne of Glass, #1)",Sarah J. Maas,"Maas, Sarah J.",,"=""""","=""""",0,4.19,Bloomsbury USA Children's,Hardcover,406,2012,2012,,2021/05/20,,,read,,,,1,,,0,,,,,
28260587,"Empire of Storms (Throne of Glass, #5)",Sarah J. Maas,"Maas, Sarah J.",,"=""""","=""""",0,4.55,Bloomsbury Children's Books,Hardcover,689,2016,2016,,2022/03/04,,,read,,,,1,,,0,,,,,
59651557,"Under One Roof (The STEMinist Novellas, #1)",Ali Hazelwood,"Hazelwood, Ali",,"=""""","=""""",0,3.91,Berkley,Kindle Edition,112,2022,2022,,2022/03/02,to-read,to-read (#149),to-read,,,,0,,,0,,,,,
26074194,"Queen of Hearts (Queen of Hearts Saga, #1)",Colleen Oakes,"Oakes, Colleen",,"=""0062409727""","=""9780062409720""",0,3.67,HarperTeen,Hardcover,306,2016,2014,,2022/02/26,to-read,to-read (#148),to-read,,,,0,,,0,,,,,
16278318,Armada,Ernest Cline,"Cline, Ernest",,"=""0804137250""","=""9780804137256""",5,3.54,Crown Publishing ,Hardcover,355,2015,2015,2022/02/22,2022/01/16,,,read,Another amazing video game themed adventure by Ernest Cline. I need to know if there going to be a sequel?? ,,,1,,,0,,,,,
9939156,Uncharted: The Fourth Labyrinth,Christopher Golden,"Golden, Christopher",,"=""0345522176""","=""9780345522177""",0,3.68,Del Rey,Paperback,322,2011,2011,,2022/02/07,to-read,to-read (#147),to-read,,,,0,,,0,,,,,
58878356,Ledge,Stacey McEwan,"McEwan, Stacey",,"=""""","=""978191520216""",0,4.70,Angry Robot,Hardcover,400,2022,2021,,2022/01/27,to-read,to-read (#146),to-read,,,,0,,,0,,,,,
17167166,"Crown of Midnight (Throne of Glass, #2)",Sarah J. Maas,"Maas, Sarah J.",,"=""1619630621""","=""9781619630628""",0,4.36,Bloomsbury USA Childrens,Hardcover,420,2013,2013,,2022/01/26,,,read,,,,1,,,0,,,,,
224552,Why Does He Do That?: Inside the Minds of Angry and Controlling Men,Lundy Bancroft,"Bancroft, Lundy",,"=""0425191656""","=""9780425191651""",0,4.44,Berkley,Paperback,408,2003,2002,,2022/01/24,to-read,to-read (#145),to-read,,,,0,,,0,,,,,
944267,"Boundaries: When to Say Yes, How to Say No to Take Control of Your Life",Henry Cloud,"Cloud, Henry",John  Townsend,"=""""","=""""",0,4.19,Zondervan,Hardcover,314,1992,1992,,2022/01/24,to-read,to-read (#144),to-read,,,,0,,,0,,,,,
33963221,POWER: Surviving and Thriving After Narcissistic Abuse: A Collection of Essays on Malignant Narcissism and Recovery from Emotional Abuse,Shahida Arabi,"Arabi, Shahida",,"=""""","=""""",0,4.45,Thought Catalog Books,Kindle Edition,355,2017,2017,,2022/01/24,to-read,to-read (#143),to-read,,,,0,,,0,,,,,
36570011,I Have Something to Tell You: A Memoir,Natalie Appleton,"Appleton, Natalie",,"=""""","=""9781775004417""",0,3.41,Natalie Appleton,ebook,,2018,,,2022/01/24,to-read,to-read (#142),to-read,,,,0,,,0,,,,,
57070660,Just Haven't Met You Yet,Sophie Cousens,"Cousens, Sophie",,"=""0593331524""","=""9780593331521""",0,3.86,G.P. Putnam's Sons,Paperback,371,2021,2021,,2022/01/22,to-read,to-read (#141),to-read,,,,0,,,0,,,,,
26082916,"Ready Player Two (Ready Player One, #2)",Ernest Cline,"Cline, Ernest",,"=""1524761338""","=""9781524761332""",0,3.43,Ballantine Books,Hardcover,370,2020,2020,2022/01/16,2021/11/13,,,read,,,,1,,,0,,,,,
57873303,American Marxism,Mark R. Levin,"Levin, Mark R.",,"=""""","=""""",0,4.23,Threshold Editions,Kindle Edition,317,2021,2021,,2021/12/16,to-read,to-read (#140),to-read,,,,0,,,0,,,,,
56614597,"Gilded (Gilded, #1)",Marissa Meyer,"Meyer, Marissa",,"=""1250618843""","=""9781250618849""",5,3.95,Feiwel and Friends,Hardcover,502,2021,2021,2021/12/05,2021/10/17,,,read,,,,1,,,0,,,,,
15839976,"Red Rising (Red Rising Saga, #1)",Pierce Brown,"Brown, Pierce",,"=""0345539788""","=""9780345539786""",0,4.25,Del Rey,Hardcover,382,2014,2014,,2021/12/05,to-read,to-read (#139),to-read,,,,0,,,0,,,,,
9275658,"Legend (Legend, #1)",Marie Lu,"Lu, Marie",,"=""""","=""""",0,4.16,Putnam Juvenile,Hardcover,305,2011,2011,,2021/11/27,to-read,to-read (#138),to-read,,,,0,,,0,,,,,
16096824,"A Court of Thorns and Roses (A Court of Thorns and Roses, #1)",Sarah J. Maas,"Maas, Sarah J.",,"=""1619634449""","=""9781619634442""",0,4.19,Bloomsbury USA Childrens,Hardcover,432,2015,2015,,2021/11/26,to-read,to-read (#137),to-read,,,,0,,,0,,,,,
32768509,Girls Made of Snow and Glass,Melissa Bashardoust,"Bashardoust, Melissa",,"=""1250077737""","=""9781250077738""",0,3.79,Flatiron Books,Hardcover,384,2017,2017,,2021/11/26,to-read,to-read (#136),to-read,,,,0,,,0,,,,,
2324793,The Tokyo Puzzles,Kōzaburō Fujimura,"Fujimura, Kōzaburō",Martin Gardner,"=""0584103573""","=""9780584103571""",0,3.17,Biddles Ltd,,184,1981,1978,,2021/11/26,to-read,to-read (#135),to-read,,,,0,,,0,,,,,
7625853,Software Engineering Best Practices: Lessons from Successful Projects in the Top Companies,Capers Jones,"Jones, Capers",,"=""007162161X""","=""9780071621618""",0,3.61,McGraw-Hill Companies,Hardcover,688,2009,2009,,2021/11/26,to-read,to-read (#134),to-read,,,,0,,,0,,,,,
405790,Beautiful Code: Leading Programmers Explain How They Think,Andy Oram,"Oram, Andy","Greg Wilson, Jon L. Bentley, Brian W. Kernighan, Charles Petzold, Douglas Crockford, Henry S. Warren Jr., Ashish Gulhati, Lincoln Stein, Jim Kent, Jack Dongarra, Poitr Luszczek, Adam Kolawa, Greg Kroah-Hartman, Diomidis Spinellis, Andrew Kuchling, Travis E. Oliphant, Ronald Mak, Rogério Atem de Carvalho, Rafael Monnerat, Bryan Cantrill, Jeffrey Dean, Sanjay Ghemawat, Simon Peyton Jones, R. Kent Dybuig, William R. Otte, Douglas C. Schmidt, Andrew Patzer, Karl Fogel, Tim Bray, Elliotte Rusty Harold, Michael C. Feathers, Alberto Savoia","=""0596510047""","=""9780596510046""",0,3.76,O'Reilly Media,Paperback,563,2007,2009,,2021/11/26,to-read,to-read (#133),to-read,,,,0,,,0,,,,,
276057,Black Bodies and Quantum Cats: Tales from the Annals of Physics,Jennifer Ouellette,"Ouellette, Jennifer",Alan Chodos,"=""0143036033""","=""9780143036036""",0,3.84,Penguin Books,Paperback,336,2005,2005,,2021/11/26,to-read,to-read (#132),to-read,,,,0,,,0,,,,,
50531218,"The Hawthorne Legacy (The Inheritance Games, #2)",Jennifer Lynn Barnes,"Barnes, Jennifer Lynn",,"=""0241480744""","=""9780241480748""",0,4.25,Penguin,Hardcover,368,2021,2021,,2021/11/26,to-read,to-read (#131),to-read,,,,0,,,0,,,,,
55264209,Sistersong,Lucy  Holland,"Holland, Lucy",,"=""1529039037""","=""9781529039030""",0,4.03,Macmillan,Hardcover,416,2021,2021,,2021/11/26,to-read,to-read (#130),to-read,,,,0,,,0,,,,,
11614718,"Delirium (Delirium, #1)",Lauren Oliver,"Oliver, Lauren",,"=""0061726834""","=""9780061726835""",0,3.96,HarperCollins,Paperback,441,2012,2011,,2021/11/26,to-read,to-read (#129),to-read,,,,0,,,0,,,,,
40916679,"A Good Girl's Guide to Murder (A Good Girl's Guide to Murder, #1)",Holly  Jackson,"Jackson, Holly",,"=""1405293187""","=""9781405293181""",0,4.37,Electric Monkey,Paperback,433,2019,2019,,2021/11/26,to-read,to-read (#128),to-read,,,,0,,,0,,,,,
54645696,The Shadow in the Glass,J.J.A. Harwood,"Harwood, J.J.A.",,"=""0008368090""","=""9780008368098""",0,3.21,HarperVoyager,Hardcover,416,2021,2021,,2021/11/26,to-read,to-read (#127),to-read,,,,0,,,0,,,,,
25756328,"Love & Gelato (Love & Gelato, #1)",Jenna Evans Welch,"Welch, Jenna Evans",,"=""1481432540""","=""9781481432542""",0,4.13,Simon Pulse,Hardcover,389,2016,2016,,2021/11/26,to-read,to-read (#126),to-read,,,,0,,,0,,,,,
21819191,Coin Heist,Elisa Ludwig,"Ludwig, Elisa",,"=""""","=""""",0,3.32,Adaptive Studios,Kindle Edition,304,2014,2014,,2021/11/26,to-read,to-read (#125),to-read,,,,0,,,0,,,,,
1072531,The Naked Communist,W. Cleon Skousen,"Skousen, W. Cleon",,"=""1568493673""","=""9781568493671""",0,4.30,Buccaneer Books,Hardcover,408,2003,1960,,2021/11/26,to-read,to-read (#124),to-read,,,,0,,,0,,,,,
30037865,"Rise of Fire (Reign of Shadows, #2)",Sophie Jordan,"Jordan, Sophie",,"=""0062377671""","=""9780062377678""",0,3.61,HarperTeen,Hardcover,294,2017,2017,,2021/11/26,to-read,to-read (#123),to-read,,,,0,,,0,,,,,
9969571,"Ready Player One (Ready Player One, #1)",Ernest Cline,"Cline, Ernest",,"=""030788743X""","=""9780307887436""",0,4.24,Crown Publishers,Hardcover,374,2011,2011,,2021/11/13,,,read,,,,1,,,0,,,,,
19501,"Eat, Pray, Love: One Woman's Search for Everything Across Italy, India and Indonesia",Elizabeth Gilbert,"Gilbert, Elizabeth",,"=""0143038419""","=""9780143038412""",0,3.60,Riverhead Books,Paperback,368,2007,2006,,2021/11/02,to-read,to-read (#122),to-read,,,,0,,,0,,,,,
3153910,The Art of Racing in the Rain,Garth Stein,"Stein, Garth",,"=""1554681723""","=""9781554681723""",0,4.22,Harper Collins,Hardcover,321,2008,2008,,2021/11/02,to-read,to-read (#121),to-read,,,,0,,,0,,,,,
25733573,Reasons to Stay Alive,Matt Haig,"Haig, Matt",,"=""0143128728""","=""9780143128724""",0,4.11,Penguin Books,Paperback,256,2016,2015,,2021/10/26,to-read,to-read (#120),to-read,,,,0,,,0,,,,,
45152372,How to Stop Time,Matt Haig,"Haig, Matt",,"=""0525522891""","=""9780525522898""",0,3.85,Penguin Books,Paperback,352,2019,2017,,2021/10/26,to-read,to-read (#119),to-read,,,,0,,,0,,,,,
27362503,It Ends with Us,Colleen Hoover,"Hoover, Colleen",,"=""""","=""""",0,4.43,Atria Books,Kindle Edition,385,2016,2016,,2021/10/24,to-read,to-read (#118),to-read,,,,0,,,0,,,,,
52831200,"From Blood and Ash (Blood and Ash, #1)",Jennifer L. Armentrout,"Armentrout, Jennifer L.",,"=""1952457017""","=""9781952457012""",0,4.31,Blue Box Press,ebook,622,2020,2020,,2021/10/24,to-read,to-read (#117),to-read,,,,0,,,0,,,,,
54319549,"A Kingdom of Flesh and Fire (Blood and Ash, #2)",Jennifer L. Armentrout,"Armentrout, Jennifer L.",,"=""""","=""""",0,4.45,Blue Box Press,Kindle Edition,637,2020,2020,,2021/10/24,to-read,to-read (#116),to-read,,,,0,,,0,,,,,
52439531,"The Inheritance Games (The Inheritance Games, #1)",Jennifer Lynn Barnes,"Barnes, Jennifer Lynn",,"=""1368052401""","=""9781368052405""",0,4.24,"Little, Brown Books for Young Readers",Hardcover,376,2020,2020,,2021/10/24,to-read,to-read (#115),to-read,,,,0,,,0,,,,,
44492285,"Dune Messiah (Dune Chronicles, #2)",Frank Herbert,"Herbert, Frank",Brian Herbert,"=""0593098234""","=""9780593098233""",0,3.89,Ace Books,Mass Market Paperback,337,2019,1969,,2021/10/21,to-read,to-read (#114),to-read,,,,0,,,0,,,,,
29772863,"Wires and Nerve (Wires and Nerve, #1)",Marissa Meyer,"Meyer, Marissa","Douglas Holgate, Stephen Gilpin","=""1250078261""","=""9781250078261""",0,4.13,Feiwel  Friends,Hardcover,238,2017,2017,,2019/06/24,,,read,,,,1,,,0,,,,,
22489107,"Fairest (The Lunar Chronicles, #3.5)",Marissa Meyer,"Meyer, Marissa",,"=""1250060559""","=""9781250060556""",0,3.97,Feiwel & Friends,Hardcover,222,2015,2015,2021/10/17,2019/01/01,,,read,,,,1,,,0,,,,,
35391237,"Five ​Dark Fates (Three Dark Crowns, #4)",Kendare Blake,"Blake, Kendare",,"=""0062686178""","=""9780062686176""",0,3.93,HarperTeen,Hardcover,452,2019,2019,,2021/08/28,,,read,,,,1,,,0,,,,,
37486213,"Two Dark Reigns (Three Dark Crowns, #3)",Kendare Blake,"Blake, Kendare",,"=""0062686143""","=""9780062686145""",5,4.00,Quill Tree Books,Hardcover,464,2018,2018,2021/10/17,2021/08/28,,,read,,,,1,,,0,,,,,
180463,Leadership and Self-Deception: Getting Out of the Box,The Arbinger Institute,"Institute, The Arbinger",,"=""1576751740""","=""9781576751749""",0,4.11,Berrett-Koehler Publishers,Paperback,180,2002,2000,,2021/10/14,to-read,to-read (#113),to-read,,,,0,,,0,,,,,
16000044,"Rebel Spring (Falling Kingdoms, #2)",Morgan Rhodes,"Rhodes, Morgan",Michelle Rowen,"=""1595145931""","=""9781595145932""",0,4.09,Razorbill,Hardcover,401,2013,2013,,2021/10/09,to-read,to-read (#112),to-read,,,,0,,,0,,,,,
12954620,"Falling Kingdoms (Falling Kingdoms, #1)",Morgan Rhodes,"Rhodes, Morgan",Michelle Rowen,"=""1595145842""","=""9781595145840""",0,3.78,Razorbill,Hardcover,412,2012,2012,,2021/10/09,to-read,to-read (#111),to-read,,,,0,,,0,,,,,
30319086,If We Were Villains,M.L. Rio,"Rio, M.L.",,"=""125009528X""","=""9781250095282""",0,4.21,Flatiron Books,Hardcover,354,2017,2017,,2021/09/29,to-read,to-read (#110),to-read,,,,0,,,0,,,,,
49046937,"The Ravens (The Ravens, #1)",Kass Morgan,"Morgan, Kass",Danielle  Paige,"=""0358098238""","=""9780358098232""",0,3.70,Clarion Books,Hardcover,400,2020,2020,,2021/09/29,to-read,to-read (#109),to-read,,,,0,,,0,,,,,
32075854,"Magpie Murders (Susan Ryeland, #1)",Anthony Horowitz,"Horowitz, Anthony",,"=""0062645226""","=""9780062645227""",0,3.95,Harper,Hardcover,498,2017,2016,,2021/08/30,to-read,to-read (#108),to-read,,,,0,,,0,,,,,
54870038,Lucy Clark Will Not Apologize,Margo Rabb,"Rabb, Margo",,"=""0062322400""","=""9780062322401""",0,3.77,Quill Tree Books,Hardcover,368,2021,2021,,2021/08/28,currently-reading,currently-reading (#8),currently-reading,,,,1,,,0,,,,,
29923707,"One Dark Throne (Three Dark Crowns, #2)",Kendare Blake,"Blake, Kendare",,"=""0062690450""","=""9780062690456""",0,4.06,Harper Teen,Paperback,448,2017,2017,,2021/08/28,,,read,,,,1,,,0,,,,,
55918375,"Winning the War in Your Mind: Change Your Thinking, Change Your Life",Craig Groeschel,"Groeschel, Craig",,"=""0310362725""","=""9780310362722""",0,4.23,Zondervan,Hardcover,256,2021,,,2021/08/08,to-read,to-read (#107),to-read,,,,0,,,0,,,,,
28257707,The Subtle Art of Not Giving a F*ck: A Counterintuitive Approach to Living a Good Life,Mark Manson,"Manson, Mark",,"=""""","=""""",0,3.91,Harper,Paperback,212,2016,2016,,2021/08/04,to-read,to-read (#106),to-read,,,,0,,,0,,,,,
28374007,"Three Dark Crowns (Three Dark Crowns, #1)",Kendare Blake,"Blake, Kendare",,"=""0062385437""","=""9780062385437""",5,3.82,Quill Tree Books,Hardcover,403,2016,2016,,2020/05/13,really-want-to-read,really-want-to-read (#6),read,,,,1,,,0,,,,,
53240276,"The Betrayed (The Betrothed, #2)",Kiera Cass,"Cass, Kiera",,"=""0062291688""","=""9780062291684""",0,3.74,HarperTeen,ebook,304,2021,2021,2021/07/24,2021/07/22,,,read,,,,1,,,0,,,,,
61539,The Structure of Scientific Revolutions,Thomas S. Kuhn,"Kuhn, Thomas S.",,"=""0226458083""","=""9780226458083""",0,4.02,University of Chicago Press,Paperback,226,1996,1962,,2021/07/24,to-read,to-read (#105),to-read,,,,0,,,0,,,,,
41433282,It Sounded Better in My Head,Nina Kenwood,"Kenwood, Nina",,"=""1250219264""","=""9781250219268""",0,3.75,Flatiron Books,Hardcover,272,2020,2019,,2021/07/22,to-read,to-read (#104),to-read,,,,0,,,0,,,,,
14061955,"Siege and Storm (The Shadow and Bone Trilogy, #2)",Leigh Bardugo,"Bardugo, Leigh",,"=""""","=""""",5,3.86,Henry Holt and Company,Hardcover,435,2013,2013,,2021/07/10,favorites,favorites (#10),read,,,,0,,,0,,,,,
35542451,"Girl, Wash Your Face: Stop Believing the Lies about Who You Are So You Can Become Who You Were Meant to Be",Rachel Hollis,"Hollis, Rachel",,"=""1400201667""","=""9781400201662""",0,3.62,Thomas Nelson,ebook,240,2018,2018,,2021/02/12,currently-reading,currently-reading (#7),currently-reading,,,,1,,,0,,,,,
18584855,Heartless,Marissa Meyer,"Meyer, Marissa",,"=""1250044650""","=""9781250044655""",5,4.07,Feiwel & Friends,Hardcover,453,2016,2016,,2019/01/01,favorites,favorites (#9),read,,,,1,,,0,,,,,
53174679,Instant Karma,Marissa Meyer,"Meyer, Marissa",,"=""1250618819""","=""9781250618818""",5,3.77,Feiwel & Friends,Hardcover,400,2020,2020,,2021/04/01,favorites,favorites (#8),read,,,,1,,,0,,,,,
14759651,"Emerald Green (The Ruby Red Trilogy, #3)",Kerstin Gier,"Gier, Kerstin",Anthea Bell,"=""""","=""""",5,4.19,Henry Holt and Co.,Paperback,464,2013,2010,,2021/04/01,favorites,favorites (#7),read,,,,1,,,0,,,,,
8835379,"Ruby Red (Precious Stone Trilogy, #1)",Kerstin Gier,"Gier, Kerstin",Anthea Bell,"=""0805092528""","=""9780805092523""",5,4.11,Henry Holt,Hardcover,324,2011,2009,,2021/04/01,,,read,,,,1,,,0,,,,,
15795628,Blackmoore,Julianne Donaldson,"Donaldson, Julianne",,"=""1609074602""","=""9781609074609""",5,4.17,Shadow Mountain,Paperback,286,2013,2013,,2020/04/13,favorites,favorites (#6),read,,,,1,,,0,,,,,
42771754,"Supernova (Renegades, #3)",Marissa Meyer,"Meyer, Marissa",,"=""1250078385""","=""9781250078384""",5,4.42,Feiwel & Friends,Hardcover,552,2019,2019,,2019/08/08,favorites,favorites (#5),read,,,,1,,,0,,,,,
35425827,"Archenemies (Renegades, #2)",Marissa Meyer,"Meyer, Marissa",,"=""1250311446""","=""9781250311443""",5,4.29,Feiwel & Friends,ebook,560,2018,2018,,2021/07/10,,,read,,,,2,,,0,,,,,
51260768,That Way Madness Lies,Dahlia Adler,"Adler, Dahlia","Lily  Anderson, Brittany Cavallaro, Patrice Caldwell, Emily Wibberley, Austin Siegemund-Broka, A.R. Capetta, Cory McCarthy, Joy McCullough, Anna-Marie McLemore, Tochi Onyebuchi, Lindsay Smith, Kiersten White,, Ibi Zoboi, Samantha Mabry, Mark Oshiro, Melissa Bashardoust, K. Ancrum","=""""","=""""",0,3.53,Flatiron Books,Hardcover,221,2021,2021,,2021/07/06,to-read,to-read (#103),to-read,,,,0,,,0,,,,,
51199185,Darling,K. Ancrum,"Ancrum, K.",,"=""""","=""""",0,3.73,Imprint,Hardcover,288,2021,2021,,2021/07/06,to-read,to-read (#102),to-read,,,,0,,,0,,,,,
43838845,"Born to Shine: Practical Tools to Help You SHINE, Even in Life's Darkest Moments",Ashley LeMieux,"LeMieux, Ashley",,"=""1642793841""","=""9781642793840""",0,3.94,Morgan James Publishing llc,Paperback,200,2019,,,2021/06/28,to-read,to-read (#101),to-read,,,,0,,,0,,,,,
27844299,"Heir to Edenbrooke (Edenbrooke, #0.5)",Julianne Donaldson,"Donaldson, Julianne",,"=""""","=""""",0,4.24,Shadow Mountain,Kindle Edition,53,2015,2015,,2021/06/25,to-read,to-read (#100),to-read,,,,0,,,0,,,,,
52378269,The Courage to Be Happy: Discover the Power of Positive Psychology and Choose Happiness Every Day,Ichiro Kishimi,"Kishimi, Ichiro",Fumitake Koga,"=""1982123001""","=""9781982123000""",0,4.07,Atria Books,Hardcover,304,2019,2016,,2021/06/10,to-read,to-read (#99),to-read,,,,0,,,0,,,,,
43306206,"The Courage to Be Disliked: How to Free Yourself, Change your Life and Achieve Real Happiness",Ichiro Kishimi,"Kishimi, Ichiro",Fumitake Koga,"=""176063073X""","=""9781760630737""",0,4.07,Allen & Unwin,Paperback,288,2019,2013,,2021/06/10,to-read,to-read (#98),to-read,,,,0,,,0,,,,,
16241546,"Misalliance: Ngo Dinh Diem, the United States, and the Fate of South Vietnam",Edward Garvey Miller,"Miller, Edward Garvey",,"=""0674072987""","=""9780674072985""",0,4.19,Harvard,Hardcover,432,2013,2013,,2021/06/04,to-read,to-read (#97),to-read,,,,0,,,0,,,,,
2569072,The Big Sort: Why the Clustering of Like-Minded America is Tearing Us Apart,Bill Bishop,"Bishop, Bill",,"=""0618689354""","=""9780618689354""",0,3.83,Houghton Mifflin Harcourt,Hardcover,384,2008,2008,,2021/06/04,to-read,to-read (#96),to-read,,,,0,,,0,,,,,
31423133,Make Your Bed: Little Things That Can Change Your Life...And Maybe the World,William H. McRaven,"McRaven, William H.",,"=""""","=""""",0,3.99,Grand Central Publishing,Audiobook,130,2017,2017,,2021/06/03,to-read,to-read (#95),to-read,,,,0,,,0,,,,,
15014,Crucial Conversations: Tools for Talking When Stakes Are High,Kerry Patterson,"Patterson, Kerry","Joseph Grenny, Ron McMillan, Al Switzler, Stephen R. Covey","=""0071401946""","=""9780071401944""",0,4.04,McGraw-Hill Education,Paperback,240,2002,2002,,2021/06/03,to-read,to-read (#94),to-read,,,,0,,,0,,,,,
44767458,"Dune (Dune, #1)",Frank Herbert,"Herbert, Frank",,"=""059309932X""","=""9780593099322""",0,4.25,Ace Books,Hardcover,658,2019,1965,,2021/06/03,currently-reading,currently-reading (#6),currently-reading,,,,1,,,0,,,,,
36307634,"King of Scars (King of Scars, #1)",Leigh Bardugo,"Bardugo, Leigh",,"=""""","=""""",0,4.18,Imprint,Kindle Edition,527,2019,2019,,2021/04/01,currently-reading,currently-reading (#5),currently-reading,,,,1,,,0,,,,,
22240070,"Red Flags: How to Spot Frenemies, Underminers, and Toxic People in Your Life",Wendy L. Patrick,"Patrick, Wendy L.",,"=""1250052920""","=""9781250052926""",0,3.54,St. Martin's Press,Hardcover,320,2015,2015,,2021/06/03,currently-reading,currently-reading (#4),currently-reading,,,,1,,,0,,,,,
23437156,"Six of Crows (Six of Crows, #1)",Leigh Bardugo,"Bardugo, Leigh",,"=""""","=""""",0,4.49,Henry Holt & Company,Hardcover,465,2015,2015,,2020/05/14,"really-want-to-read, currently-reading","really-want-to-read (#8), currently-reading (#3)",currently-reading,,,,1,,,0,,,,,
14061957,"Ruin and Rising (The Shadow and Bone Trilogy, #3)",Leigh Bardugo,"Bardugo, Leigh",,"=""""","=""""",5,4.03,Henry Holt and Company,Hardcover,422,2014,2014,,2021/06/03,,,read,,,,1,,,0,,,,,
22557520,"After (After, #1)",Anna Todd,"Todd, Anna",,"=""1476792488""","=""9781476792484""",0,3.72,Gallery Books,Paperback,582,2014,2014,,2021/05/31,to-read,to-read (#93),to-read,,,,0,,,0,,,,,
10256723,Ghost in the Wires: My Adventures as the World's Most Wanted Hacker,Kevin D. Mitnick,"Mitnick, Kevin D.","William L. Simon, Steve Wozniak","=""0316037702""","=""9780316037709""",0,3.93,"Little, Brown and Company",Hardcover,413,2011,2011,,2021/05/26,to-read,to-read (#92),to-read,,,,0,,,0,,,,,
4671,The Great Gatsby,F. Scott Fitzgerald,"Fitzgerald, F. Scott",,"=""""","=""""",0,3.93,Scribner,Paperback,180,2004,1925,,2021/05/20,to-read,to-read (#91),to-read,,,,0,,,0,,,,,
827,"The Diamond Age: Or, a Young Lady's Illustrated Primer",Neal Stephenson,"Stephenson, Neal",,"=""0553380966""","=""9780553380965""",0,4.16,Spectra,Paperback,499,2000,1995,,2021/05/20,to-read,to-read (#90),to-read,,,,0,,,0,,,,,
17660462,The Everything Store: Jeff Bezos and the Age of Amazon,Brad Stone,"Stone, Brad",,"=""0316219266""","=""9780316219266""",0,4.13,"Little, Brown and Company",Hardcover,384,2013,2013,,2021/05/20,to-read,to-read (#89),to-read,,,,0,,,0,,,,,
25293641,Red Flags: How to know he's playing games with you. How to spot a guy who's never going to commit. How to force him to show his cards. (The Truth about ... of commitment and sudden loss of interest),Brian Keephimattracted,"Keephimattracted, Brian",Brian Nox,"=""""","=""""",0,4.13,,Kindle Edition,76,2015,2015,,2021/05/18,to-read,to-read (#88),to-read,,,,0,,,0,,,,,
13538641,Killing Kennedy: The End of Camelot (The Killing of Historical Figures),Bill O'Reilly,"O'Reilly, Bill",Martin Dugard,"=""0805096663""","=""9780805096668""",5,4.07,Henry Holt and Co.,Hardcover,325,2012,2012,,2021/05/13,,,read,,,,1,,,0,,,,,
23174274,"Glass Sword (Red Queen, #2)",Victoria Aveyard,"Aveyard, Victoria",,"=""0062310666""","=""9780062310668""",4,3.84,HarperTeen,Hardcover,444,2016,2016,2019/08/08,2019/06/14,,,read,,,,1,,,0,,,,,
18131,"A Wrinkle in Time (A Wrinkle in Time Quintet, #1)",Madeleine L'Engle,"L'Engle, Madeleine",,"=""0440498058""","=""9780440498056""",3,3.99,Yearling Books,Paperback,211,1973,1962,,2019/06/21,,,read,,,,1,,,0,,,,,
14935,Sense and Sensibility,Jane Austen,"Austen, Jane","Ros Ballaster, Rosalind Ballaster, Martha, Tony Tanner","=""""","=""""",5,4.08,Penguin Books,Paperback,409,2003,1811,,2020/05/06,,,read,,,,1,,,0,,,,,
52580111,"The Betrothed (The Betrothed, #1)",Kiera Cass,"Cass, Kiera",,"=""0062291637""","=""9780062291639""",5,3.00,HarperTeen,Hardcover,307,2020,2020,,2019/10/14,,,read,,,,1,,,0,,,,,
12820360,"Edenbrooke (Edenbrooke, #1)",Julianne Donaldson,"Donaldson, Julianne",,"=""1609089464""","=""9781609089467""",5,4.32,Shadow Mountain,Paperback,264,2012,2012,,2020/04/13,,,read,,,,1,,,0,,,,,
48713839,The Code for Love and Heartbreak,Jillian Cantor,"Cantor, Jillian",,"=""1335090592""","=""9781335090591""",0,3.48,Inkyard Press,Hardcover,304,2020,2020,,2021/05/13,to-read,to-read (#87),to-read,,,,0,,,0,,,,,
46223297,Permanent Record,Edward Snowden,"Snowden, Edward",,"=""1250237238""","=""9781250237231""",0,4.31,Metropolitan Books,Hardcover,339,2019,2019,,2021/05/11,to-read,to-read (#86),to-read,,,,0,,,0,,,,,
5107,The Catcher in the Rye,J.D. Salinger,"Salinger, J.D.",,"=""0316769177""","=""9780316769174""",0,3.81,Back Bay Books,Paperback,277,2001,1951,,2021/05/11,to-read,to-read (#85),to-read,,,,0,,,0,,,,,
40691730,"Shadow and Bone (The Shadow and Bone Trilogy, #1)",Leigh Bardugo,"Bardugo, Leigh",,"=""1510105247""","=""9781510105249""",5,3.96,Orion Children's Books,Paperback,354,2018,2012,2021/04/29,2020/12/03,,,read,,,,1,,,0,,,,,
25666050,Algorithms to Live By: The Computer Science of Human Decisions,Brian Christian,"Christian, Brian",Tom  Griffiths,"=""1627790365""","=""9781627790369""",0,4.13,Henry Holt and Co.,Hardcover,368,2016,2016,,2021/04/23,to-read,to-read (#84),to-read,,,,0,,,0,,,,,
42080479,"The School for Good and Evil (The School for Good and Evil, #1)",Soman Chainani,"Chainani, Soman",Iacopo Bruno,"=""006210490X""","=""9780062104908""",0,4.02,HarperCollins; Reprint edition,Paperback,544,2018,2013,,2021/04/01,to-read,to-read (#83),to-read,,,,0,,,0,,,,,
25362018,"Steel Scars (Red Queen, #0.2)",Victoria Aveyard,"Aveyard, Victoria",,"=""0062422979""","=""9780062422972""",0,3.58,HarperTeen,ebook,100,2016,2016,,2021/04/01,to-read,to-read (#82),to-read,,,,0,,,0,,,,,
25005214,"Queen Song (Red Queen, #0.1)",Victoria Aveyard,"Aveyard, Victoria",,"=""0062422960""","=""9780062422965""",0,3.81,HarperTeen,ebook,100,2015,2015,,2021/04/01,to-read,to-read (#81),to-read,,,,0,,,0,,,,,
25944381,"Cruel Crown (Red Queen, #0.1-0.2)",Victoria Aveyard,"Aveyard, Victoria",,"=""0062435345""","=""9780062435347""",0,3.65,HarperTeen,Paperback,208,2016,2016,,2021/04/01,to-read,to-read (#80),to-read,,,,0,,,0,,,,,
13402202,"Sapphire Blue (Precious Stone Trilogy, #2)",Kerstin Gier,"Gier, Kerstin",Anthea Bell,"=""""","=""""",5,4.17,Henry Holt and Co.,Kindle Edition,368,2012,2010,,2021/04/01,,,read,,,,1,,,0,,,,,
36307674,"Rule of Wolves (King of Scars, #2)",Leigh Bardugo,"Bardugo, Leigh",,"=""1510109188""","=""9781510109186""",0,4.41,Orion Children's Books,Paperback,592,2021,2021,,2021/04/01,to-read,to-read (#79),to-read,,,,0,,,0,,,,,
42965946,Ward of the FBI (School of Necessary Magic: Raine Campbell #1),Judith Berens,"Berens, Judith","Martha Carr, Michael Anderle","=""""","=""""",0,4.08,LMBPN Publishing,Kindle Edition,279,2018,2018,,2021/03/31,to-read,to-read (#78),to-read,,,,0,,,0,,,,,
39897752,Lost in the Never Woods,Aiden Thomas,"Thomas, Aiden",,"=""125031397X""","=""9781250313973""",0,3.71,Swoon Reads,Hardcover,384,2021,2021,,2021/03/20,to-read,to-read (#77),to-read,,,,0,,,0,,,,,
43717362,When We Believed in Mermaids,Barbara O'Neal,"O'Neal, Barbara",,"=""""","=""""",0,4.19,Lake Union Publishing,Kindle Edition,348,2019,2019,,2021/03/13,to-read,to-read (#76),to-read,,,,0,,,0,,,,,
53320739,"The Princess Trials (The Princess Trials, #1)",Cordelia K. Castel,"Castel, Cordelia K.",,"=""""","=""""",0,3.81,,Kindle Edition,504,2020,2020,,2021/03/13,to-read,to-read (#75),to-read,,,,0,,,0,,,,,
40121378,Atomic Habits: An Easy & Proven Way to Build Good Habits & Break Bad Ones,James Clear,"Clear, James","Gunnar Nyquist, Nagalakshmi Shanmugam, Ondřej Halámek, Aleš Drobek","=""""","=""""",0,4.38,Avery,Kindle Edition,319,2018,2018,,2021/03/04,to-read,to-read (#74),to-read,,,,0,,,0,,,,,
16143347,We Were Liars,E. Lockhart,"Lockhart, E.",,"=""""","=""""",0,3.75,Delacorte Press,Kindle Edition,242,2014,2014,,2021/03/04,to-read,to-read (#73),to-read,,,,0,,,0,,,,,
22674105,"China Rich Girlfriend (Crazy Rich Asians, #2)",Kevin Kwan,"Kwan, Kevin",,"=""0385539088""","=""9780385539081""",0,3.83,Knopf Doubleday,Hardcover,378,2015,2015,,2021/02/22,to-read,to-read (#72),to-read,,,,0,,,0,,,,,
16085481,"Crazy Rich Asians (Crazy Rich Asians, #1)",Kevin Kwan,"Kwan, Kevin",,"=""0385536976""","=""9780385536974""",0,3.88,Doubleday,Hardcover,403,2013,2013,,2021/02/22,to-read,to-read (#71),to-read,,,,0,,,0,,,,,
216363,The Man in the High Castle,Philip K. Dick,"Dick, Philip K.",,"=""0679740678""","=""9780679740674""",0,3.61,Vintage,Paperback,259,1992,1962,,2021/01/28,to-read,to-read (#70),to-read,,,,0,,,0,,,,,
43207851,Curses,Lish McBride,"McBride, Lish",,"=""1984815598""","=""9781984815590""",0,3.81,G.P. Putnam's Sons Books for Young Readers,Hardcover,448,2021,2021,,2021/01/28,to-read,to-read (#69),to-read,,,,0,,,0,,,,,
43744300,"American Royals (American Royals, #1)",Katharine McGee,"McGee, Katharine",,"=""1984830171""","=""9781984830173""",0,3.84,Random House Books for Young Readers,Hardcover,441,2019,2019,,2021/01/27,to-read,to-read (#68),to-read,,,,0,,,0,,,,,
110391,"The Duke and I (Bridgertons, #1)",Julia Quinn,"Quinn, Julia",,"=""0380800829""","=""9780380800827""",0,3.83,Avon Books,Mass Market Paperback,384,2006,2000,,2020/12/21,to-read,to-read (#67),to-read,,,,0,,,0,,,,,
26863057,"Age of Myth (The Legends of the First Empire, #1)",Michael J. Sullivan,"Sullivan, Michael J.",,"=""1101965339""","=""9781101965337""",0,4.23,Del Rey,Hardcover,432,2016,2016,,2020/12/09,to-read,to-read (#66),to-read,,,,0,,,0,,,,,
49021976,"Rhythm of War (The Stormlight Archive, #4)",Brandon Sanderson,"Sanderson, Brandon",,"=""0765326388""","=""9780765326386""",0,4.62,Tor Books,Hardcover,1230,2020,2020,,2020/12/09,to-read,to-read (#65),to-read,,,,0,,,0,,,,,
44778083,"House of Earth and Blood (Crescent City, #1)",Sarah J. Maas,"Maas, Sarah J.",,"=""1635574048""","=""9781635574043""",0,4.48,Bloomsbury Publishing,Hardcover,803,2020,2020,,2020/12/09,to-read,to-read (#64),to-read,,,,0,,,0,,,,,
52578297,The Midnight Library,Matt Haig,"Haig, Matt",,"=""""","=""""",0,4.05,Viking,Hardcover,304,2020,2020,,2020/12/09,to-read,to-read (#63),to-read,,,,0,,,0,,,,,
68428,"The Final Empire (Mistborn, #1)",Brandon Sanderson,"Sanderson, Brandon",,"=""""","=""9780765311788""",0,4.46,Tor Books,Hardcover,541,2006,2006,,2020/12/09,to-read,to-read (#62),to-read,,,,0,,,0,,,,,
53174067,"Skyhunter (Skyhunter, #1)",Marie Lu,"Lu, Marie",,"=""1250221684""","=""9781250221681""",0,4.08,Roaring Brook Press,Hardcover,371,2020,2020,,2020/12/03,to-read,to-read (#61),to-read,,,,0,,,0,,,,,
13047567,Chaos Walking: A Trilogy (Chaos Walking #1-3),Patrick Ness,"Ness, Patrick",,"=""1406334332""","=""9781406334333""",0,4.47,Walker,Paperback,,2010,2010,,2020/11/19,to-read,to-read (#60),to-read,,,,0,,,0,,,,,
40599772,"The Other Side of the Sky (The Other Side of the Sky, #1)",Amie Kaufman,"Kaufman, Amie",Meagan Spooner,"=""""","=""""",0,3.90,HarperTeen,Kindle Edition,432,2020,2020,,2020/09/27,to-read,to-read (#59),to-read,,,,0,,,0,,,,,
52781202,Star Daughter,Shveta Thakrar,"Thakrar, Shveta",,"=""0062894625""","=""9780062894625""",0,3.33,HarperTeen,Hardcover,435,2020,2020,,2020/09/07,to-read,to-read (#58),to-read,,,,0,,,0,,,,,
48739513,Where the Stars Meet the Sea,Heidi Kimball,"Kimball, Heidi",,"=""""","=""9781524410414""",0,4.20,Covenant Communications ,Paperback,256,2020,2020,,2020/09/07,to-read,to-read (#57),to-read,,,,0,,,0,,,,,
41843399,Sweet Land of Liberty: Old Times in the Colonies,Charles Carleton Coffin,"Coffin, Charles Carleton",,"=""""","=""""",0,4.06,Johnsonian Publications,Kindle Edition,360,2018,1993,,2020/05/17,to-read,to-read (#56),to-read,,,,0,,,0,,,,,
285459,The Story of Liberty,Charles Carleton Coffin,"Coffin, Charles Carleton",,"=""093855820X""","=""9780938558200""",0,4.14,Maranatha Publications,Paperback,415,1987,1987,,2020/05/17,to-read,to-read (#55),to-read,,,,0,,,0,,,,,
10429045,"Shatter Me (Shatter Me, #1)",Tahereh Mafi,"Mafi, Tahereh",,"=""0062085484""","=""9780062085481""",0,3.92,Harper,Hardcover,338,2011,2011,,2020/05/13,to-read,to-read (#54),to-read,,,,0,,,0,,,,,
40886114,Queen's Shadow (Star Wars),E.K. Johnston,"Johnston, E.K.",,"=""""","=""""",0,3.82,Disney Lucasfilm Press,Paperback,400,2019,2019,,2020/05/10,to-read,to-read (#53),to-read,,,,0,,,0,,,,,
51901147,"The Ballad of Songbirds and Snakes (The Hunger Games, #0)",Suzanne Collins,"Collins, Suzanne",,"=""""","=""""",0,3.82,Scholastic Press,Kindle Edition,541,2020,2020,,2020/05/06,"to-read, really-want-to-read","to-read (#52), really-want-to-read (#5)",to-read,,,,0,,,0,,,,,
27188596,"War Storm (Red Queen, #4)",Victoria Aveyard,"Aveyard, Victoria",,"=""0062422995""","=""9780062422996""",4,3.86,HarperTeen,Hardcover,662,2018,2018,2020/05/06,2019/06/14,,,read,,,,1,,,0,,,,,
10429092,"The Girl of Fire and Thorns (Fire and Thorns, #1)",Rae Carson,"Carson, Rae",,"=""0062026488""","=""9780062026484""",0,3.79,Greenwillow,Hardcover,423,2011,2011,,2020/04/20,to-read,to-read (#51),to-read,,,,0,,,0,,,,,
22328546,"Red Queen (Red Queen, #1)",Victoria Aveyard,"Aveyard, Victoria",,"=""""","=""""",5,4.04,HarperTeen,Hardcover,388,2015,2015,2019/06/14,2018/07/11,favorites,favorites (#4),read,,,,1,,,0,,,,,
42083967,"Broken Throne (Red Queen, #4.5)",Victoria Aveyard,"Aveyard, Victoria",,"=""""","=""""",0,3.94,Orion,Kindle Edition,400,2019,2019,,2020/04/10,"to-read, really-want-to-read","to-read (#50), really-want-to-read (#4)",to-read,,,,0,,,0,,,,,
30227022,"King's Cage (Red Queen, #3)",Victoria Aveyard,"Aveyard, Victoria",,"=""0062310690""","=""9780062310699""",5,3.95,HarperTeen,Hardcover,512,2017,2017,2020/04/09,2018/07/11,,,read,,,,1,,,0,,,,,
15998366,"The Fame Thief (Junior Bender, #3)",Timothy Hallinan,"Hallinan, Timothy",,"=""1616952806""","=""9781616952808""",0,3.95,Soho Crime,Hardcover,336,2013,2013,,2020/04/04,to-read,to-read (#49),to-read,,,,0,,,0,,,,,
34728925,"The Strange Case of the Alchemist's Daughter (The Extraordinary Adventures of the Athena Club, #1)",Theodora Goss,"Goss, Theodora",,"=""1534409637""","=""9781534409637""",0,3.82,Simon & Schuster Books for Young Readers,Paperback,402,2017,2017,,2020/03/30,to-read,to-read (#48),to-read,,,,0,,,0,,,,,
46306,The Complete Fairy Tales,Hans Christian Andersen,"Andersen, Hans Christian","Lily Owens, Arthur Rackham, Hans Richter","=""0517092913""","=""9780517092910""",0,4.28,Gramercy Books,Hardcover,803,1996,1872,,2020/03/22,to-read,to-read (#47),to-read,,,,0,,,0,,,,,
1291920,The Red Shoes,Hans Christian Andersen,"Andersen, Hans Christian",Barbara Bazilian,"=""1879085569""","=""9781879085565""",0,3.58,Charlesbridge,Hardcover,32,1997,1845,,2020/03/22,to-read,to-read (#46),to-read,,,,0,,,0,,,,,
139987,The Snow Queen,Hans Christian Andersen,"Andersen, Hans Christian",T. Pym,"=""0375415122""","=""9780375415128""",0,3.74,Everyman's Library,Hardcover,96,2002,1844,,2020/03/22,"to-read, really-want-to-read","to-read (#45), really-want-to-read (#3)",to-read,,,,0,,,0,,,,,
52462895,The Paper Girl of Paris,Jordyn Taylor,"Taylor, Jordyn",,"=""006293662X""","=""9780062936622""",0,4.05,HarperTeen,Hardcover,359,2020,2020,,2019/10/14,to-read,to-read (#36),to-read,,,,0,,,0,,,,,
34273236,Little Fires Everywhere,Celeste Ng,"Ng, Celeste",,"=""0735224293""","=""9780735224292""",0,4.09,Penguin Press,Hardcover,338,2017,2017,,2020/02/21,to-read,to-read (#44),to-read,,,,0,,,0,,,,,
653396,Feel the Fear and Do It Anyway,"Susan  Jeffers, Ph.D.","Ph.D., Susan Jeffers,",,"=""0449902927""","=""9780449902929""",0,4.02,Ballantine Books,Paperback,240,1998,1987,,2019/06/14,"to-read, really-want-to-read","to-read (#19), really-want-to-read (#2)",to-read,,,,0,,,0,,,,,
4894,Who Moved My Cheese?,Spencer Johnson,"Johnson, Spencer",Kenneth H. Blanchard,"=""0091883768""","=""9780091883768""",0,3.84,Vermilion,Hardcover,96,2002,1998,,2019/06/14,"to-read, really-want-to-read","to-read (#17), really-want-to-read (#1)",to-read,,,,0,,,0,,,,,
15737151,Lost At Sea: The Jon Ronson Mysteries,Jon Ronson,"Ronson, Jon",,"=""1594631375""","=""9781594631375""",0,3.98,Riverhead Hardcover ,Hardcover,400,2012,2012,,2020/01/11,to-read,to-read (#43),to-read,,,,0,,,0,,,,,
40617092,Recipe for a Perfect Wife,Karma Brown,"Brown, Karma",,"=""""","=""9781524744946""",0,3.68,Dutton,ebook,336,2020,2019,,2019/12/24,to-read,to-read (#42),to-read,,,,0,,,0,,,,,
42592725,The Authenticity Project,Clare Pooley,"Pooley, Clare",,"=""1984878611""","=""9781984878618""",0,3.95,Pamela Dorman Books,Hardcover,357,2020,2020,,2019/12/24,to-read,to-read (#41),to-read,,,,0,,,0,,,,,
24770,"Uglies (Uglies, #1)",Scott Westerfeld,"Westerfeld, Scott",,"=""0689865384""","=""9780689865381""",0,3.85,Simon Pulse,Paperback,425,2005,2005,,2019/11/17,to-read,to-read (#40),to-read,,,,0,,,0,,,,,
3120995,The Secret Life of Walter Mitty,James Thurber,"Thurber, James",,"=""1583415866""","=""9781583415863""",0,3.67,Creative Education,Hardcover,32,2008,1939,,2019/11/06,to-read,to-read (#39),to-read,,,,0,,,0,,,,,
538046,Make It Bigger: (illustrated monograph on the design process and work of Paula Scher),Paula Scher,"Scher, Paula",,"=""1568985487""","=""9781568985480""",0,4.17,Princeton Architectural Press,Paperback,272,2005,2002,,2019/10/29,to-read,to-read (#38),to-read,,,,0,,,0,,,,,
623976,"Alcatraz Versus the Evil Librarians (Alcatraz, #1)",Brandon Sanderson,"Sanderson, Brandon",,"=""0439925509""","=""9780439925501""",0,3.90,Scholastic Press,Hardcover,308,2007,2007,,2019/10/22,to-read,to-read (#37),to-read,,,,0,,,0,,,,,
2204464,Ever,Gail Carson Levine,"Levine, Gail Carson",,"=""0061229628""","=""9780061229626""",0,3.47,HarperCollins,Hardcover,244,2008,2008,,2019/10/14,to-read,to-read (#35),to-read,,,,0,,,0,,,,,
18144590,The Alchemist,Paulo Coelho,"Coelho, Paulo","Alan R. Clarke, James Noel Smith","=""0062315005""","=""9780062315007""",0,3.90,HarperOne,Paperback,182,2014,1988,,2019/10/13,to-read,to-read (#34),to-read,,,,0,,,0,,,,,
28421168,"Renegades (Renegades, #1)",Marissa Meyer,"Meyer, Marissa",,"=""1250044669""","=""9781250044662""",5,4.15,Feiwel & Friends,Hardcover,552,2017,2017,,2019/08/08,,,read,,,,1,,,0,,,,,
13206900,"Winter (The Lunar Chronicles, #4)",Marissa Meyer,"Meyer, Marissa",,"=""0312642989""","=""9780312642983""",5,4.43,Feiwel & Friends,Hardcover,827,2015,2015,,2019/01/01,,,read,,,,1,,,0,,,,,
13206828,"Cress (The Lunar Chronicles, #3)",Marissa Meyer,"Meyer, Marissa",,"=""0312642970""","=""9780312642976""",5,4.42,Feiwel & Friends,Hardcover,552,2014,2014,,2019/01/01,favorites,favorites (#3),read,,,,1,,,0,,,,,
13206760,"Scarlet (The Lunar Chronicles, #2)",Marissa Meyer,"Meyer, Marissa",,"=""0312642962""","=""9780312642969""",5,4.26,Feiwel & Friends,Hardcover,454,2013,2013,,2019/01/01,,,read,,,,1,,,0,,,,,
36381037,"Cinder (The Lunar Chronicles, #1)",Marissa Meyer,"Meyer, Marissa",,"=""""","=""""",5,4.13,Feiwel & Friends,Hardcover,400,2012,2012,,2018/07/11,,,read,,,,1,,,0,,,,,
35269145,Just Ella (Books of Dalthia #1),Annette K. Larsen,"Larsen, Annette K.",,"=""""","=""""",0,4.17,Hidden Falls Publishing,Kindle Edition,300,2017,2013,,2019/05/12,to-read,to-read (#33),to-read,,,,0,,,0,,,,,
34499221,To Kill a Kingdom,Alexandra Christo,"Christo, Alexandra",,"=""1250112680""","=""9781250112682""",0,3.82,Feiwel & Friends,Hardcover,344,2018,2018,,2019/08/08,to-read,to-read (#32),to-read,,,,0,,,0,,,,,
36101678,The Festival of Trial and Ember (Faerie Festival #1),Logan Miehl,"Miehl, Logan",,"=""""","=""""",0,4.26,Touchwood Publishing,Kindle Edition,332,2017,2017,,2019/08/06,to-read,to-read (#31),to-read,,,,0,,,0,,,,,
20758105,"Monsters of Men (Chaos Walking, #3)",Patrick Ness,"Ness, Patrick",,"=""0763676195""","=""9780763676193""",0,4.22,Candlewick,Paperback,643,2014,2010,,2019/07/28,to-read,to-read (#30),to-read,,,,0,,,0,,,,,
20758103,"The Ask and the Answer (Chaos Walking, #2)",Patrick Ness,"Ness, Patrick",,"=""0763676179""","=""9780763676179""",0,4.19,Candlewick,Paperback,553,2014,2009,,2019/07/28,to-read,to-read (#29),to-read,,,,0,,,0,,,,,
20758104,"The Knife of Never Letting Go (Chaos Walking, #1)",Patrick Ness,"Ness, Patrick",,"=""0763676187""","=""9780763676186""",0,3.97,Candlewick Press,Paperback,512,2014,2008,,2019/07/28,to-read,to-read (#28),to-read,,,,0,,,0,,,,,
22429350,"The Start of Me and You (The Start of Me and You, #1)",Emery Lord,"Lord, Emery",,"=""1619633590""","=""9781619633599""",0,4.10,Bloomsbury,Hardcover,376,2015,2015,,2019/07/04,to-read,to-read (#27),to-read,,,,0,,,0,,,,,
40874032,"Vicious (Villains, #1)",V.E. Schwab,"Schwab, V.E.",,"=""""","=""""",0,4.23,Tor Books,Kindle Edition,366,2013,2013,,2019/07/03,to-read,to-read (#26),to-read,,,,0,,,0,,,,,
22055262,"A Darker Shade of Magic (Shades of Magic, #1)",V.E. Schwab,"Schwab, V.E.",,"=""0765376458""","=""9780765376459""",0,4.07,Tor Books,Hardcover,400,2015,2015,,2019/07/03,to-read,to-read (#25),to-read,,,,0,,,0,,,,,
34930815,"Wires and Nerve, Volume 2: Gone Rogue (Wires and Nerve, #2)",Marissa Meyer,"Meyer, Marissa","Stephen Gilpin, Douglas Holgate","=""1250078288""","=""9781250078285""",0,4.23,Feiwel  Friends,Hardcover,324,2018,2018,,2019/06/24,to-read,to-read (#24),to-read,,,,0,,,0,,,,,
38237340,"The Wicked King (The Folk of the Air, #2)",Holly Black,"Black, Holly",,"=""0316310352""","=""9780316310352""",0,4.34,"Little, Brown Books for Young Readers",Hardcover,322,2019,2019,,2019/06/24,to-read,to-read (#23),to-read,,,,0,,,0,,,,,
37435,The Secret Life of Bees,Sue Monk Kidd,"Kidd, Sue Monk",,"=""0142001740""","=""9780142001745""",0,4.07,Penguin Books,Paperback,302,2003,2001,,2019/06/21,to-read,to-read (#22),to-read,,,,0,,,0,,,,,
13079982,Fahrenheit 451,Ray Bradbury,"Bradbury, Ray",,"=""""","=""""",0,3.98,Simon & Schuster,Kindle Edition,194,2011,1953,,2019/06/14,to-read,to-read (#21),to-read,,,,0,,,0,,,,,
375802,"Ender's Game (Ender's Saga, #1)",Orson Scott Card,"Card, Orson Scott",,"=""0812550706""","=""9780812550702""",0,4.30,Tor,Mass Market Paperback,324,2004,1985,,2019/06/14,to-read,to-read (#20),to-read,,,,0,,,0,,,,,
923950,The Highly Sensitive Person: How to Thrive When the World Overwhelms You,Elaine N. Aron,"Aron, Elaine N.",,"=""0553062182""","=""9780553062182""",0,3.88,Harmony,Paperback,251,1997,1996,,2019/06/14,to-read,to-read (#18),to-read,,,,0,,,0,,,,,
23215490,"13 Things Mentally Strong People Don't Do: Take Back Your Power, Embrace Change, Face Your Fears, and Train Your Brain for Happiness and Success",Amy Morin,"Morin, Amy",,"=""0062391542""","=""9780062391544""",0,3.91,William Morrow,Hardcover,272,2014,2014,,2019/06/14,to-read,to-read (#16),to-read,,,,0,,,0,,,,,
30631112,Death in the Library (A Murder in Milburn #3),Nancy McGovern,"McGovern, Nancy",,"=""""","=""""",0,3.95,McGovern Books,Kindle Edition,176,2016,,,2019/06/14,to-read,to-read (#15),to-read,,,,0,,,0,,,,,
27774758,"An Ember in the Ashes (An Ember in the Ashes, #1)",Sabaa Tahir,"Tahir, Sabaa",,"=""""","=""""",0,4.26,Razorbill,Paperback,446,2016,2015,,2019/06/12,to-read,to-read (#14),to-read,,,,0,,,0,,,,,
31578441,Just Friends,Ella Price,"Price, Ella",,"=""""","=""9781370503285""",0,4.08,Ella Price,ebook,,2016,2014,,2019/05/12,to-read,to-read (#13),to-read,,,,0,,,0,,,,,
28763485,The Sun Is Also a Star,Nicola Yoon,"Yoon, Nicola",,"=""0553496689""","=""9780553496680""",3,4.02,Delacorte Press,Hardcover,384,2016,2016,,2019/04/23,,,read,,,,1,,,0,,,,,
29363501,"Fantastic Beasts and Where to Find Them: The Original Screenplay (Fantastic Beasts: The Original Screenplay, #1)",J.K. Rowling,"Rowling, J.K.",,"=""1338109065""","=""9781338109061""",5,4.20,Arthur A. Levine Books,Hardcover,280,2016,2016,,2019/01/01,,,read,,,,1,,,0,,,,,
25689074,"Stars Above (The Lunar Chronicles, #4.5)",Marissa Meyer,"Meyer, Marissa",,"=""1250091845""","=""9781250091840""",0,4.18,Feiwel & Friends,Hardcover,400,2016,2016,,2019/01/01,currently-reading,currently-reading (#2),currently-reading,,,,1,,,0,,,,,
16075962,"The Queen's Army (The Lunar Chronicles, #1.5)",Marissa Meyer,"Meyer, Marissa",,"=""""","=""""",0,3.97,Wattpad,ebook,23,2012,2012,,2019/01/01,to-read,to-read (#12),to-read,,,,0,,,0,,,,,
19208103,"The Little Android (The Lunar Chronicles, #0.6)",Marissa Meyer,"Meyer, Marissa",,"=""""","=""""",0,3.92,Wattpad,ebook,35,2014,2014,,2019/01/01,to-read,to-read (#11),to-read,,,,0,,,0,,,,,
23245593,Fierce Reads: Kisses and Curses,Lauren Burniac,"Burniac, Lauren","Ann Aguirre, Lish McBride, Marissa Meyer, Caragh M. O'Brien, Marie Rutkoski, Gennifer Albin, Anna Banks, Leigh Bardugo, Jessica Brody, Katie Finn, Nikki Kelly, Emmy Laybourne, Jennifer Mathieu, Lindsay  Smith","=""1250060532""","=""9781250060532""",0,3.27,Square Fish,Paperback,390,2015,2015,,2019/01/01,to-read,to-read (#10),to-read,,,,0,,,0,,,,,
13254289,"Glitches (The Lunar Chronicles, #0.5)",Marissa Meyer,"Meyer, Marissa",,"=""""","=""""",0,3.98,Tor.com,ebook,32,2011,2011,,2019/01/01,to-read,to-read (#9),to-read,,,,0,,,0,,,,,
30724132,"Geekerella (Once Upon a Con, #1)",Ashley Poston,"Poston, Ashley",,"=""1594749477""","=""9781594749476""",0,3.93,Quirk Books,Hardcover,320,2017,2017,,2018/07/11,to-read,to-read (#8),to-read,,,,0,,,0,,,,,
35504431,Turtles All the Way Down,John Green,"Green, John",,"=""0525555366""","=""9780525555360""",0,3.92,Dutton Books for Young Readers,Hardcover,290,2017,2017,,2018/07/11,to-read,to-read (#7),to-read,,,,0,,,0,,,,,
6618272,The Siren,Kiera Cass,"Cass, Kiera",,"=""1440154236""","=""9781440154232""",0,3.73,iUniverse.com,Paperback,267,2009,2009,,2018/07/11,to-read,to-read (#6),to-read,,,,0,,,0,,,,,
26074181,"The Crown (The Selection, #5)",Kiera Cass,"Cass, Kiera",,"=""0062392174""","=""9780062392176""",5,3.67,HarperTeen,Hardcover,278,2016,2016,,2018/07/11,,,read,,,,1,,,0,,,,,
22918050,"The Heir (The Selection, #4)",Kiera Cass,"Cass, Kiera",,"=""""","=""""",5,3.69,HarperTeen,Kindle Edition,342,2015,2015,,2018/07/11,,,read,,,,1,,,0,,,,,
18635016,"The One (The Selection, #3)",Kiera Cass,"Cass, Kiera",,"=""0062059998""","=""9780062059994""",5,4.17,HarperTeen,Hardcover,323,2014,2014,,2018/07/11,favorites,favorites (#2),read,,,,1,,,0,,,,,
16248068,"The Elite (The Selection, #2)",Kiera Cass,"Cass, Kiera",,"=""0062059963""","=""9780062059963""",5,3.98,HarperTeen,Hardcover,336,2013,2013,,2018/07/11,,,read,,,,1,,,0,,,,,
10507293,"The Selection (The Selection, #1)",Kiera Cass,"Cass, Kiera",,"=""0062059939""","=""9780062059932""",5,4.10,HarperTeen,Hardcover,336,2012,2012,,2018/07/11,favorites,favorites (#1),read,,,,1,,,0,,,,,
24465724,"Happily Ever After (The Selection, #0.4, 0.5, 2.5, 2.6, 3.3)",Kiera Cass,"Cass, Kiera",Sandra Suy,"=""0008143676""","=""9780062414090""",5,4.10,HarperTeen,ebook,416,2015,2015,,2018/07/11,,,read,,,,1,,,0,,,,,
18692431,"Everything, Everything",Nicola Yoon,"Yoon, Nicola",David  Yoon,"=""0553496646""","=""9780553496642""",4,4.01,Delacorte Books for Young Readers,Hardcover,306,2015,2015,,2018/07/11,,,read,,,,1,,,0,,,,,
15507958,"Me Before You (Me Before You, #1)",Jojo Moyes,"Moyes, Jojo",,"=""0670026603""","=""9780670026609""",1,4.26,Pamela Dorman Books/Viking,Hardcover,369,2012,2012,,2018/07/11,,,read,,,,1,,,0,,,,,
8492825,"Where She Went (If I Stay, #2)",Gayle Forman,"Forman, Gayle",,"=""0525422943""","=""9780525422945""",3,4.00,Dutton Juvenile,Hardcover,264,2011,2011,,2018/07/11,,,read,,,,1,,,0,,,,,
4374400,"If I Stay (If I Stay, #1)",Gayle Forman,"Forman, Gayle",,"=""0525421033""","=""9780525421030""",5,3.93,Viking,Hardcover,201,2009,2009,,2018/07/11,,,read,,,,1,,,0,,,,,
183660,Fairest,Gail Carson Levine,"Levine, Gail Carson",,"=""0060734086""","=""9780060734084""",5,3.88,HarperCollins,Hardcover,326,2006,2006,,2018/07/11,,,read,,,,1,,,0,,,,,
30117284,"Carve the Mark (Carve the Mark, #1)",Veronica Roth,"Roth, Veronica",,"=""0062348639""","=""9780062348630""",0,3.78,Katherine Tegen Books,Hardcover,468,2017,2017,2018/07/11,2018/07/11,currently-reading,currently-reading (#1),currently-reading,,,,3,,,0,,,,,
2998,The Secret Garden,Frances Hodgson Burnett,"Burnett, Frances Hodgson",,"=""0517189607""","=""9780517189603""",0,4.14,Children's Classics,Hardcover,331,1998,1910,,2018/07/11,to-read,to-read (#5),to-read,,,,0,,,0,,,,,
6324090,"Alice's Adventures in Wonderland (Alice's Adventures in Wonderland, #1)",Lewis Carroll,"Carroll, Lewis",Martha,"=""""","=""""",5,3.99,Public Domain Books,Kindle Edition,96,1997,1865,,2018/07/11,,,read,,,,1,,,0,,,,,
15823480,Anna Karenina,Leo Tolstoy,"Tolstoy, Leo","Constance Garnett, Aylmer Maude, Louise Maude, Dmitriy Butko, Lev Tolstoj, George Gibian","=""""","=""""",0,4.07,Vintage,Paperback,964,2012,1878,,2018/07/11,to-read,to-read (#4),to-read,,,,0,,,0,,,,,
2156,Persuasion,Jane Austen,"Austen, Jane","Deidre Shauna Lynch, James Kinsley","=""0192802631""","=""9780192802637""",0,4.14,Oxford University Press,Paperback,249,2004,1817,,2018/07/11,to-read,to-read (#3),to-read,,,,0,,,0,,,,,
6969,Emma,Jane Austen,"Austen, Jane",,"=""0141439580""","=""9780141439587""",0,4.03,Penguin Books,Paperback,474,2003,1815,,2018/07/11,to-read,to-read (#2),to-read,,,,0,,,0,,,,,
51428,"Rebel Angels (Gemma Doyle, #2)",Libba Bray,"Bray, Libba",,"=""0385733410""","=""9780385733410""",0,3.93,Ember,Paperback,548,2006,2004,,2018/07/11,to-read,to-read (#1),to-read,,,,0,,,0,,,,,
3,"Harry Potter and the Sorcerer's Stone (Harry Potter, #1)",J.K. Rowling,"Rowling, J.K.",,"=""""","=""""",5,4.48,Scholastic Inc,Hardcover,309,2003,1997,,2018/07/11,,,read,,,,1,,,0,,,,,
11870085,The Fault in Our Stars,John Green,"Green, John",,"=""""","=""""",5,4.16,Dutton Books,Hardcover,313,2012,2012,,2018/07/11,,,read,,,,1,,,0,,,,,
1885,Pride and Prejudice,Jane Austen,"Austen, Jane",Anna Quindlen,"=""""","=""""",5,4.28,Modern Library,Paperback,279,2000,1813,,2018/07/11,,,read,,,,1,,,0,,,,,
